Resource_ID,Resource_Name,Category,URL,Description
EXT-001,Mind: Workplace Wellbeing,Mental Health,https://www.mind.org.uk/workplace/,Comprehensive mental health support resources for employees and managers
EXT-002,Mental Health at Work,Mental Health,https://www.mentalhealthatwork.org.uk/,UK-wide resource hub with tools and guidance for workplace mental health
EXT-003,ACAS: Supporting Mental Health,Mental Health,https://www.acas.org.uk/supporting-mental-health-workplace,Official guidance on mental health support and legal requirements
EXT-004,Mental Health Foundation: Work Support,Mental Health,https://www.mentalhealth.org.uk/explore-mental-health/publications/how-support-mental-health-work,Evidence-based guidance on supporting mental health at work
EXT-005,Call Centre Helper: Wellbeing,Call Centre,https://www.callcentrehelper.com/employee-well-being-how-to-reduce-contact-centre-stress-161037.htm,Practical tips for reducing contact centre stress
EXT-006,Calabrio: Contact Centre Wellbeing,Call Centre,https://www.calabrio.com/wfo/managing-remote-workforce/managing-mental-health-in-the-contact-center/,Managing mental health in contact centre environments
EXT-007,FutureLearn: Professional Resilience,Resilience,https://www.futurelearn.com/courses/professional-resilience,CPD-certified course on building resilience at work
EXT-008,Positive Psychology: Resilience Guide,Resilience,https://positivepsychology.com/resilience-in-the-workplace/,Evidence-based resilience strategies and exercises
EXT-009,Symonds Research: Resilience Activities,Resilience,https://symondsresearch.com/resilience-activities-workplace-training/,Free resilience training activities for teams
EXT-010,CCL: Resilience Training,Resilience,https://www.ccl.org/leadership-solutions/leadership-topics/resilience-training/,Leadership-focused resilience development resources
EXT-011,Alison: Customer Service Excellence,Customer Service,https://alison.com/course/introduction-to-customer-service-excellence,Free online customer service certification course
EXT-012,HubSpot: Customer Service Training,Customer Service,https://blog.hubspot.com/service/free-customer-service-training-materials,23 free resources to supercharge customer service teams
EXT-013,Indeed: Coaching Skills for Managers,Management,https://www.indeed.com/career-advice/career-development/manager-coaching-skills,15 essential coaching skills for managers
EXT-014,Together Platform: Coaching for Managers,Management,https://www.togetherplatform.com/blog/coaching-for-managers,Comprehensive guide to coaching for developing teams
EXT-015,MindTools: GROW Model,Coaching,https://www.mindtools.com/an0fzpz/the-grow-model-of-coaching-and-mentoring,Learn the GROW coaching framework with examples
EXT-016,Performance Consultants: GROW Model,Coaching,https://www.performanceconsultants.com/resources/the-grow-model/,Original GROW model guidance from Sir John Whitmore's organisation
EXT-017,Harvard PON: Difficult Customers,Customer Handling,https://www.pon.harvard.edu/daily/dealing-with-difficult-people-daily/deal-with-difficult-customers/,Harvard's research-based approach to difficult interactions
EXT-018,Call Centre Helper: Difficult Customers,Customer Handling,https://www.callcentrehelper.com/training-cheat-sheet-handling-difficult-customers-25175.htm,Downloadable cheat sheet for handling difficult calls
EXT-019,SQM Group: FCR Best Practices,Performance,https://www.sqmgroup.com/resources/library/blog/contact-center-fcr-best-practices,Top 20 first contact resolution tips
EXT-020,Salesforce: First Call Resolution,Performance,https://www.salesforce.com/service/contact-center/first-call-resolution/,Comprehensive guide to measuring and improving FCR
